"""will"",""10-Jun-2022"",""17:29:18"""
"""tom"",""10-Jun-2022"",""17:29:18"""
"""nadav"",""10-Jun-2022"",""17:29:18"""
"""nadav"",""10-Jun-2022"",""17:29:18"""
"""nadav"",""10-Jun-2022"",""17:29:18"""
"""nadav"",""10-Jun-2022"",""17:29:18"""
"""will"",""10-Jun-2022"",""17:29:18"""
"""will"",""10-Jun-2022"",""17:29:18"""
"""will"",""10-Jun-2022"",""17:29:18"""
"""will"",""10-Jun-2022"",""17:29:18"""
"""will"",""10-Jun-2022"",""17:29:18"""
"""tom"",""10-Jun-2022"",""17:29:18"""
"""tom"",""10-Jun-2022"",""17:29:18"""
"""tom"",""10-Jun-2022"",""17:29:18"""
"""tom"",""10-Jun-2022"",""17:29:18"""
"""tom"",""10-Jun-2022"",""17:29:18"""
"""tom"",""10-Jun-2022"",""17:29:18"""
"""nadav"",""10-Jun-2022"",""17:29:18"""
"""nadav"",""10-Jun-2022"",""17:29:18"""
"""nadav"",""10-Jun-2022"",""17:29:18"""
"""nadav"",""10-Jun-2022"",""17:29:18"""
"""nadav"",""10-Jun-2022"",""17:29:18"""
"""nadav"",""10-Jun-2022"",""17:29:18"""
"""nadav"",""10-Jun-2022"",""17:29:18"""
"""nadav"",""10-Jun-2022"",""17:29:18"""
"""nadav"",""10-Jun-2022"",""17:29:18"""
"""nadav"",""10-Jun-2022"",""17:29:18"""
"""nadav"",""10-Jun-2022"",""17:29:18"""
"""nadav"",""10-Jun-2022"",""17:29:18"""
"""nadav"",""10-Jun-2022"",""17:29:18"""
"""nadav"",""10-Jun-2022"",""17:29:18"""
"""nadav"",""10-Jun-2022"",""17:29:18"""
"""nadav"",""10-Jun-2022"",""17:29:18"""
"""nadav"",""10-Jun-2022"",""17:29:18"""
"""nadav"",""10-Jun-2022"",""17:29:18"""
"""nadav"",""10-Jun-2022"",""17:29:18"""
"""nadav"",""10-Jun-2022"",""17:29:18"""
"""nadav"",""10-Jun-2022"",""17:29:18"""
"""nadav"",""10-Jun-2022"",""17:29:18"""
"""nadav"",""10-Jun-2022"",""17:29:18"""
"""nadav"",""10-Jun-2022"",""17:29:18"""
"""nadav"",""10-Jun-2022"",""17:29:18"""
"""will"",""10-Jun-2022"",""17:29:18"""
"""tom"",""10-Jun-2022"",""17:29:18"""
"""tom"",""10-Jun-2022"",""17:29:18"""
"""tom"",""10-Jun-2022"",""17:29:18"""
"""tom"",""10-Jun-2022"",""17:29:18"""
"""tom"",""10-Jun-2022"",""17:29:18"""
"""tom"",""10-Jun-2022"",""17:29:18"""
"""tom"",""10-Jun-2022"",""17:29:18"""
"""tom"",""10-Jun-2022"",""17:29:18"""
"""nadav"",""10-Jun-2022"",""17:29:18"""
"""nadav"",""10-Jun-2022"",""17:29:18"""
"""nadav"",""10-Jun-2022"",""17:29:18"""
"""nadav"",""10-Jun-2022"",""17:29:18"""
"""nadav"",""10-Jun-2022"",""17:29:18"""
"""nadav"",""10-Jun-2022"",""17:29:18"""
"""nadav"",""10-Jun-2022"",""17:29:18"""
"""nadav"",""10-Jun-2022"",""17:29:18"""
"""nadav"",""10-Jun-2022"",""17:29:18"""
"""nadav"",""10-Jun-2022"",""17:29:18"""
"""nadav"",""10-Jun-2022"",""17:29:18"""
"""nadav"",""10-Jun-2022"",""17:29:18"""
"""nadav"",""10-Jun-2022"",""17:29:18"""
"""nadav"",""10-Jun-2022"",""17:29:18"""
"""nadav"",""10-Jun-2022"",""17:29:18"""
"""nadav"",""10-Jun-2022"",""17:29:18"""
"""nadav"",""10-Jun-2022"",""17:29:18"""
"""nadav"",""10-Jun-2022"",""17:29:18"""